site_name,url
BBC,https://bbc.com
CNN,https://cnn.com
Wikipedia,https://wikipedia.org
Google,https://google.com
YouTube,https://youtube.com
Amazon,https://amazon.com
Reddit,https://reddit.com
LinkedIn,https://linkedin.com
X,https://x.com
Instagram,https://instagram.com
Facebook,https://facebook.com
TikTok,https://tiktok.com
Netflix,https://netflix.com
Apple,https://apple.com
Microsoft,https://microsoft.com
GitHub,https://github.com
StackOverflow,https://stackoverflow.com
NYTimes,https://nytimes.com
TheGuardian,https://theguardian.com
